{
  "train_loss": [
    0.4614244438929133,
    0.3533604791111285,
    0.31996010121437585,
    0.29644601166543394,
    0.2813964657264181,
    0.2702928780181573,
    0.2626716246551806,
    0.254810310088762,
    0.2512412971199149,
    0.24499727857880074,
    0.24122067982017403,
    0.23960849443579665,
    0.2344372469894957,
    0.2315575864497978,
    0.2297198736874184,
    0.22826080679303348,
    0.2258638871188211,
    0.22336355148270579,
    0.21982878899515265,
    0.21957076301078984,
    0.21722124983178506,
    0.21780633218217604,
    0.2156748735963708,
    0.21434732976526316,
    0.21488581434039786,
    0.21280093765494848,
    0.21312664869693246,
    0.2112905861275031,
    0.21058489087194499,
    0.2114976995799801,
    0.20916307075779036,
    0.21005340643448406,
    0.20936319360343536,
    0.20817087186445105,
    0.20801217520591056,
    0.20795848065673714,
    0.20727723711492993,
    0.2081260822639607,
    0.20726373028932232,
    0.2067972170096813
  ],
  "val_loss": [
    0.32123517533742635,
    0.27946935365436065,
    0.263594046629222,
    0.2488070842999409,
    0.24549228466027298,
    0.23682487757051074,
    0.23320574326655336,
    0.228455233451754,
    0.2246135392303349,
    0.2220232631011426,
    0.22165861555475277,
    0.21888149515981373,
    0.22000359359261423,
    0.2156598382395363,
    0.21546709328682406,
    0.21637039558885637,
    0.21339328336512867,
    0.21269803799498663,
    0.21131986173796083,
    0.21178218121687203,
    0.2108097994871501,
    0.20970663662945127,
    0.20997827841805933,
    0.2077524014917899,
    0.20892348533578373,
    0.20820626944003875,
    0.2076743213040646,
    0.20636151365227046,
    0.20689035182486,
    0.20517563560353816,
    0.20578209410687334,
    0.20737162851955387,
    0.20516726737417,
    0.2053327447300444,
    0.20461908515027025,
    0.20456993794680933,
    0.20498060308863558,
    0.2047290238247117,
    0.2041636049079047,
    0.2039878977423754
  ],
  "train_acc": [
    0.83072400990099,
    0.9123762376237624,
    0.9339418316831684,
    0.9490717821782179,
    0.9587561881188119,
    0.9653155940594059,
    0.9701113861386138,
    0.9735767326732673,
    0.9756497524752475,
    0.978805693069307,
    0.9811571782178218,
    0.9808477722772277,
    0.9831992574257425,
    0.9857673267326733,
    0.985983910891089,
    0.9865717821782178,
    0.9873762376237624,
    0.9885519801980198,
    0.9909034653465346,
    0.9902227722772278,
    0.9921410891089109,
    0.9912438118811882,
    0.9927289603960396,
    0.992914603960396,
    0.9926361386138614,
    0.993904702970297,
    0.9930383663366337,
    0.9939665841584159,
    0.9944925742574258,
    0.994059405940594,
    0.9949566831683169,
    0.9945544554455445,
    0.9952660891089109,
    0.995730198019802,
    0.9954826732673268,
    0.9954826732673268,
    0.9959467821782179,
    0.9954517326732674,
    0.9957920792079208,
    0.9959467821782179
  ],
  "val_acc": [
    0.925599381283836,
    0.9528228924980665,
    0.9662799690641918,
    0.9747873163186388,
    0.979891724671307,
    0.982830626450116,
    0.9857695282289249,
    0.9877803557617942,
    0.9902552204176334,
    0.9902552204176334,
    0.9893271461716937,
    0.9907192575406032,
    0.9904098994586233,
    0.9919566898685228,
    0.9927300850734725,
    0.9928847641144625,
    0.9927300850734725,
    0.9938128383604021,
    0.9953596287703016,
    0.9952049497293117,
    0.9959783449342614,
    0.9961330239752514,
    0.9948955916473318,
    0.9964423820572312,
    0.9959783449342614,
    0.9964423820572312,
    0.9958236658932714,
    0.997215777262181,
    0.9973704563031709,
    0.9978344934261407,
    0.9975251353441609,
    0.9964423820572312,
    0.997061098221191,
    0.9976798143851509,
    0.9978344934261407,
    0.9975251353441609,
    0.9973704563031709,
    0.9978344934261407,
    0.9978344934261407,
    0.9981438515081207
  ]
}